{"cameraMode":{"drawMode":0,"name":"Shaded","section":"Shading Mode"},"sceneLighting":true,"audioPlay":false,"sceneViewState":{"m_AlwaysRefresh":false,"showFog":true,"showSkybox":true,"showFlares":true,"showImageEffects":true,"showParticleSystems":true,"showVisualEffectGraphs":true,"m_FxEnabled":true},"in2DMode":false,"pivot":{"x":-1.9520962238311768,"y":0.5174338817596436,"z":-0.4600086212158203},"rotation":{"x":0.04685084521770477,"y":0.9445922374725342,"z":-0.15497419238090516,"w":0.285690039396286},"size":3.1482627391815187,"orthographic":false}