{"cameraMode":{"drawMode":0,"name":"Shaded","section":"Shading Mode"},"sceneLighting":true,"audioPlay":false,"sceneViewState":{"m_AlwaysRefresh":false,"showFog":true,"showSkybox":true,"showFlares":true,"showImageEffects":true,"showParticleSystems":true,"showVisualEffectGraphs":true,"m_FxEnabled":true},"in2DMode":false,"pivot":{"x":1.257505178451538,"y":-0.6168639659881592,"z":5.102479457855225},"rotation":{"x":0.07029975950717926,"y":0.9272764921188355,"z":-0.22281132638454438,"w":0.2926444411277771},"size":13.158839225769043,"orthographic":false}